Wall time,Step,Value
1609689753.3259726,0,0.012643856927752495
1609689756.214587,1,0.007602912839502096
1609689758.920753,2,0.006427117623388767
1609689761.5908968,3,0.0056528872810304165
1609689764.4188159,4,0.0050390781834721565
1609689767.119197,5,0.004846290685236454
1609689769.9002438,6,0.0045535811223089695
1609689772.6922405,7,0.004337227437645197
1609689776.1027124,8,0.004221627023071051
1609689779.1459973,9,0.004109390079975128
