Wall time,Step,Value
1609689719.8496478,0,0.007321749348193407
1609689722.8825407,1,0.004209664650261402
1609689725.7441337,2,0.0033630889374762774
1609689728.6138272,3,0.0029444897081702948
1609689731.3188562,4,0.002939597936347127
1609689734.191276,5,0.0027026727329939604
1609689737.3970895,6,0.0026157707907259464
1609689740.1817396,7,0.002571388613432646
1609689743.112426,8,0.0025617126375436783
1609689745.8116257,9,0.002483952324837446
