Wall time,Step,Value
1609689689.3655322,0,0.005537459626793861
1609689691.9590924,1,0.0031634217593818903
1609689694.480765,2,0.0026616875547915697
1609689697.1346529,3,0.0023703051265329123
1609689699.7303505,4,0.0023377363104373217
1609689702.2862732,5,0.002130683744326234
1609689704.8659985,6,0.0020945873111486435
1609689707.4126875,7,0.0019670971669256687
1609689710.0301776,8,0.001914411666803062
1609689712.6549857,9,0.0019186519784852862
