Wall time,Step,Value
1609689788.0616286,0,0.024373706430196762
1609689791.0402958,1,0.012680589221417904
1609689794.2457561,2,0.011646314524114132
1609689797.3226345,3,0.010945201851427555
1609689800.6864092,4,0.010209742933511734
1609689804.0088882,5,0.009958073496818542
1609689807.2214923,6,0.010109356604516506
1609689810.0711727,7,0.009409819729626179
1609689813.2840424,8,0.009097639471292496
1609689816.7127428,9,0.009206910617649555
